{
    "GameObject": {
        "Floo3": {
            "IsChild": true,
            "Position": [
                69.3763580322266,
                0.0,
                24.8606433868408
            ],
            "PrefabName": "Floo3",
            "Rotation": [
                0.0,
                0.0,
                0.0
            ],
            "Scale": [
                1.0,
                1.0,
                1.0
            ],
            "TreeDepth": 1
        },
        "Floor": {
            "IsChild": true,
            "Position": [
                -6.62400054931641,
                0.0,
                24.8606433868408
            ],
            "PrefabName": "Floor",
            "Rotation": [
                0.0,
                0.0,
                0.0
            ],
            "Scale": [
                1.0,
                1.0,
                1.0
            ],
            "TreeDepth": 1
        },
        "Floor2": {
            "IsChild": true,
            "Position": [
                -83.0000076293945,
                0.0,
                24.8606433868408
            ],
            "PrefabName": "Floor2",
            "Rotation": [
                0.0,
                0.0,
                0.0
            ],
            "Scale": [
                1.0,
                1.0,
                1.0
            ],
            "TreeDepth": 1
        },
        "GameObject0": {
            "IsChild": false,
            "Position": [
                -4.99172210693359,
                2.38612461090088,
                31.71457862854
            ],
            "PrefabName": "TestBox",
            "Rotation": [
                -0.00697201164439321,
                0.752247929573059,
                -1.58410775661469
            ],
            "Scale": [
                1.0,
                1.0,
                1.0
            ],
            "TreeDepth": 0
        },
        "Player": {
            "IsChild": false,
            "Position": [
                -21.7597103118896,
                23.7530002593994,
                12.0950441360474
            ],
            "PrefabName": "Player",
            "Rotation": [
                -0.002344865584746,
                -0.00909888558089733,
                0.00380024849437177
            ],
            "Scale": [
                1.0,
                1.0,
                1.0
            ],
            "TreeDepth": 0
        },
        "TestRoom": {
            "IsChild": false,
            "Position": [
                0.0,
                0.0,
                0.0
            ],
            "PrefabName": "TestRoom",
            "Rotation": [
                0.0,
                0.0,
                0.0
            ],
            "Scale": [
                1.0,
                1.0,
                1.0
            ],
            "TreeDepth": 0
        },
        "Wall1": {
            "IsChild": true,
            "Position": [
                -116.623626708984,
                0.0,
                24.8600597381592
            ],
            "PrefabName": "Wall1",
            "Rotation": [
                0.0,
                0.0,
                0.0
            ],
            "Scale": [
                1.0,
                1.0,
                1.0
            ],
            "TreeDepth": 1
        },
        "Wall2": {
            "IsChild": true,
            "Position": [
                103.376373291016,
                0.0,
                24.8600597381592
            ],
            "PrefabName": "Wall2",
            "Rotation": [
                0.0,
                0.0,
                0.0
            ],
            "Scale": [
                1.0,
                1.0,
                1.0
            ],
            "TreeDepth": 1
        },
        "Wall3": {
            "IsChild": true,
            "Position": [
                -6.62363815307617,
                0.0,
                -9.13996601104736
            ],
            "PrefabName": "Wall3",
            "Rotation": [
                0.0,
                1.57000005245209,
                0.0
            ],
            "Scale": [
                1.0,
                1.0,
                1.0
            ],
            "TreeDepth": 1
        },
        "Wall4": {
            "IsChild": true,
            "Position": [
                -6.62363815307617,
                0.0,
                58.8600311279297
            ],
            "PrefabName": "Wall4",
            "Rotation": [
                0.0,
                1.57000005245209,
                0.0
            ],
            "Scale": [
                1.0,
                1.0,
                1.0
            ],
            "TreeDepth": 1
        }
    },
    "Light": {
        "PointLight_0": {
            "Ambient": [
                1.0,
                1.0,
                1.0,
                1.0
            ],
            "Diffuse": [
                1.0,
                1.0,
                1.0,
                1.0
            ],
            "Position": [
                0.0,
                100.0,
                1.0
            ],
            "Radius": 100.0,
            "ShadowTarget": [
                0.0,
                0.0,
                10.0
            ],
            "Specular": [
                0.5,
                0.5,
                0.5,
                0.5
            ],
            "Status": true
        },
        "PointLight_1": {
            "Ambient": [
                1.0,
                1.0,
                1.0,
                1.0
            ],
            "Diffuse": [
                1.0,
                1.0,
                1.0,
                1.0
            ],
            "Position": [
                0.0,
                0.0,
                0.0
            ],
            "Radius": 50.0,
            "ShadowTarget": [
                0.0,
                0.0,
                0.0
            ],
            "Specular": [
                0.5,
                0.5,
                0.5,
                0.5
            ],
            "Status": false
        },
        "PointLight_2": {
            "Ambient": [
                1.0,
                1.0,
                1.0,
                1.0
            ],
            "Diffuse": [
                1.0,
                1.0,
                1.0,
                1.0
            ],
            "Position": [
                0.0,
                0.0,
                0.0
            ],
            "Radius": 50.0,
            "ShadowTarget": [
                0.0,
                0.0,
                0.0
            ],
            "Specular": [
                0.5,
                0.5,
                0.5,
                0.5
            ],
            "Status": false
        },
        "PointLight_3": {
            "Ambient": [
                1.0,
                1.0,
                1.0,
                1.0
            ],
            "Diffuse": [
                1.0,
                1.0,
                1.0,
                1.0
            ],
            "Position": [
                0.0,
                0.0,
                0.0
            ],
            "Radius": 50.0,
            "ShadowTarget": [
                0.0,
                0.0,
                0.0
            ],
            "Specular": [
                0.5,
                0.5,
                0.5,
                0.5
            ],
            "Status": false
        },
        "PointLight_4": {
            "Ambient": [
                1.0,
                1.0,
                1.0,
                1.0
            ],
            "Diffuse": [
                1.0,
                1.0,
                1.0,
                1.0
            ],
            "Position": [
                0.0,
                0.0,
                0.0
            ],
            "Radius": 50.0,
            "ShadowTarget": [
                0.0,
                0.0,
                0.0
            ],