{
    "GameObject": {
        "GameObject0": {
            "IsChild": false,
            "Position": [
                0.0,
                0.0,
                0.0
            ],
            "PrefabName": "Player",
            "Rotation": [
                0.00113828270696104,
                3.14000010490417,
                -0.000389064545743167
            ],
            "Scale": [
                1.29999995231628,
                1.29999995231628,
                1.29999995231628
            ],
            "TreeDepth": 0
        }
    },
    "Light": {
        "PointLight_0": {
            "Ambient": [
                1.0,
                1.0,
                1.0,
                1.0
            ],
            "Diffuse": [
                1.0,
                1.0,
                1.0,
                1.0
            ],
            "Position": [
                0.0,
                50.0,
                6.70000028610229
            ],
            "Radius": 20.0,
            "ShadowTarget": [
                0.0,
                0.0,
                -29.7000007629395
            ],
            "Specular": [
                0.5,
                0.5,
                0.5,
                0.5
            ],
            "Status": true
        },
        "PointLight_1": {
            "Ambient": [
                1.0,
                1.0,
                1.0,
                1.0
            ],
            "Diffuse": [
                1.0,
                1.0,
                1.0,
                1.0
            ],
            "Position": [
                0.0,
                0.0,
                0.0
            ],
            "Radius": 50.0,
            "ShadowTarget": [
                0.0,
                0.0,
                0.0
            ],
            "Specular": [
                0.5,
                0.5,
                0.5,
                0.5
            ],
            "Status": false
        },
        "PointLight_2": {
            "Ambient": [
                1.0,
                1.0,
                1.0,
                1.0
            ],
            "Diffuse": [
                1.0,
                1.0,
                1.0,
                1.0
            ],
            "Position": [
                0.0,
                0.0,
                0.0
            ],
            "Radius": 50.0,
            "ShadowTarget": [
                0.0,
                0.0,
                0.0
            ],
            "Specular": [
                0.5,
                0.5,
                0.5,
                0.5
            ],
            "Status": false
        },
        "PointLight_3": {
            "Ambient": [
                1.0,
                1.0,
                1.0,
                1.0
            ],
            "Diffuse": [
                1.0,
                1.0,
                1.0,
                1.0
            ],
            "Position": [
                0.0,
                0.0,
                0.0
            ],
            "Radius": 50.0,
            "ShadowTarget": [
                0.0,
                0.0,
                0.0
            ],
            "Specular": [
                0.5,
                0.5,
                0.5,
                0.5
            ],
            "Status": false
        },
        "PointLight_4": {
            "Ambient": [
                1.0,
                1.0,
                1.0,
                1.0
            ],
            "Diffuse": [
                1.0,
                1.0,
                1.0,
                1.0
            ],
            "Position": [
                0.0,
                0.0,
                0.0
            ],
            "Radius": 50.0,
            "ShadowTarget": [
                0.0,
                0.0,
                0.0
            ],
            "Specular": [
                0.5,
                0.5,
                0.5,
                0.5
            ],
            "Status": false
        },
        "PointLight_5": {
            "Ambient": [
                1.0,
                1.0,
                1.0,
                1.0
            ],
            "Diffuse": [
                1.0,
                1.0,
                1.0,
                1.0
            ],
            "Position": [
                0.0,
                0.0,
                0.0
            ],
            "Radius": 50.0,
            "ShadowTarget": [
                0.0,
                0.0,
                0.0
            ],
            "Specular": [
                0.5,
                0.5,
                0.5,
                0.5
            ],
            "Status": false
        },
        "PointLight_6": {
            "Ambient": [
                1.0,
                1.0,
                1.0,
                1.0
            ],
            "Diffuse": [
                1.0,
                1.0,
                1.0,
                1.0
            ],
            "Position": [
                0.0,
                0.0,
                0.0
            ],
            "Radius": 50.0,
            "ShadowTarget": [
                0.0,
                0.0,
                0.0
            ],
            "Specular": [
                0.5,
                0.5,
                0.5,
                0.5
            ],
            "Status": false
        },
        "PointLight_7": {
            "Ambient": [
                1.0,
                1.0,
                1.0,
                1.0
            ],
            "Diffuse": [
                1.0,
                1.0,
                1.0,
                1.0
            ],
            "Position": [
                0.0,
                0.0,
                0.0
            ],
            "Radius": 50.0,
            "ShadowTarget": [
                0.0,
                0.0,
                0.0
            ],
            "Specular": [
                0.5,
                0.5,
                0.5,
                0.5
            ],
            "Status": false
        }
    },
    "Scene": {
        "BackGroundColor": [
            0.400000005960464,
            0.552941203117371,
            0.843137264251709,
            1.0
        ],
        "EnableFog": true,
        "FogColor": [
            0.243137255311012,
            0.243137255311012,
            0.243137255311012,
            1.0
        ],
        "FogDensity": 1.0,
        "FogEnd": 286.400024414063,
        "FogMode": 3,
        "FogStart": 90.8000030517578,
        "GlobalAmbient": [
            1.0,
            1.0,
            1.0,
            1.0
        ]
    }
}
