{
    "Arch": {
        "IsChild": false,
        "Position": [
            -5.84202575683594,
            35.7400512695313,
            21.2156372070313
        ],
        "PrefabName": "Arch",
        "Rotation": [
            0.0,
            0.0,
            0.0
        ],
        "Scale": [
            1.0,
            1.0,
            1.0
        ],
        "TreeDepth": 0
    }
}
