{
    "0.Transform3D": {
        "Position": [
            57.0000038146973,
            -163.000015258789,
            -39.0
        ],
        "Rotation": [
            0.0,
            -1.57000005245209,
            0.0
        ],
        "Scale": [
            83.4000015258789,
            50.0,
            50.0
        ]
    },
    "4.Material": {
        "Ambient": [
            1.0,
            1.0,
            1.0,
            1.0
        ],
        "Diffuse": [
            1.0,
            1.0,
            1.0,
            1.0
        ],
        "Emissive": [
            1.0,
            1.0,
            1.0,
            1.0
        ],
        "Shininess": 1.0,
        "Specular": [
            1.0,
            1.0,
            1.0,
            1.0
        ]
    },
    "5.StaticMesh": {
        "FileName": "Castle_Arch.X"
    },
    "IsActive": true,
    "IsEditorLock": false,
    "IsStatic": false,
    "PipeLine": 1,
    "Priority": 1,
    "Tag": ""
}
