{
    "0.Transform3D": {
        "Position": [
            -103.59041595459,
            32.6915016174316,
            -11.4270009994507
        ],
        "Rotation": [
            -0.00530152814462781,
            0.953766047954559,
            -0.00036339505459182
        ],
        "Scale": [
            1.0,
            1.0,
            1.0
        ]
    },
    "2.Collision": {
        "HalfExtens": [
            6.09670686721802,
            3.49602556228638,
            7.91529083251953
        ],
        "Pivot": [
            5.24520874023438e-06,
            3.49598598480225,
            0.00922560691833496
        ],
        "Type": 0
    },
    "3.RigidBody": {
        "Bounciness": 0.400000005960464,
        "EnableGravity": true,
        "FricitionCoefficient": 0.200000002980232,
        "IsAllowedToSleep": true,
        "LockRotation": [
            false,
            false,
            false
        ],
        "Mass": 2.0,
        "Pivot": [
            1.05269706814761e-33,
            2.65337911326384e-34,
            5.60519385729927e-45
        ],
        "Type": 0
    },
    "4.Material": {
        "Ambient": [
            1.0,
            1.0,
            1.0,
            1.0
        ],
        "Diffuse": [
            1.0,
            1.0,
            1.0,
            1.0
        ],
        "Emissive": [
            1.0,
            1.0,
            1.0,
            1.0
        ],
        "Shininess": 1.0,
        "Specular": [
            1.0,
            1.0,
            1.0,
            1.0
        ]
    },
    "5.StaticMesh": {
        "FileName": "Crate_A.X"
    },
    "IsActive": true,
    "IsEditorLock": false,
    "IsStatic": false,
    "PipeLine": 1,
    "Priority": 1,
    "Tag": ""
}
