{
    "0.Transform3D": {
        "Position": [
            194.000015258789,
            4.84400033950806,
            -247.913009643555
        ],
        "Rotation": [
            0.0263923965394497,
            1.56999886035919,
            -0.0114932646974921
        ],
        "Scale": [
            1.0,
            2.0,
            1.0
        ]
    },
    "2.Collision": {
        "HalfExtens": [
            6.09670686721802,
            3.4960241317749,
            11.1471967697144
        ],
        "Pivot": [
            0.0,
            3.49602365493774,
            0.0541591644287109
        ],
        "Type": 0
    },
    "3.RigidBody": {
        "Bounciness": 0.400000005960464,
        "EnableGravity": true,
        "FricitionCoefficient": 0.200000002980232,
        "IsAllowedToSleep": true,
        "LockRotation": [
            false,
            false,
            false
        ],
        "Mass": 1.0,
        "Pivot": [
            8.4354797046152e-34,
            5.31675147823367e-37,
            5.60519385729927e-45
        ],
        "Type": 0
    },
    "4.Material": {
        "Ambient": [
            1.0,
            1.0,
            1.0,
            1.0
        ],
        "Diffuse": [
            1.0,
            1.0,
            1.0,
            1.0
        ],
        "Emissive": [
            1.0,
            1.0,
            1.0,
            1.0
        ],
        "Shininess": 1.0,
        "Specular": [
            1.0,
            1.0,
            1.0,
            1.0
        ]
    },
    "5.StaticMesh": {
        "FileName": "Crate_B.X"
    },
    "IsActive": true,
    "IsEditorLock": false,
    "IsStatic": false,
    "PipeLine": 1,
    "Priority": 1,
    "Tag": ""
}
