{
    "0.Transform3D": {
        "Position": [
            237.000015258789,
            6.00000047683716,
            107.985008239746
        ],
        "Rotation": [
            0.0311765260994434,
            -0.99999737739563,
            8.52770026540384e-05
        ],
        "Scale": [
            1.0,
            1.0,
            1.0
        ]
    },
    "2.Collision": {
        "HalfExtens": [
            6.0966944694519,
            5.92882823944092,
            11.1471977233887
        ],
        "Pivot": [
            -1.09672546386719e-05,
            5.92881393432617,
            4.76837158203125e-07
        ],
        "Type": 0
    },
    "3.RigidBody": {
        "Bounciness": 0.400000005960464,
        "EnableGravity": true,
        "FricitionCoefficient": 0.200000002980232,
        "IsAllowedToSleep": true,
        "LockRotation": [
            false,
            false,
            false
        ],
        "Mass": 3.0,
        "Pivot": [
            1.09362557739133e-33,
            2.65326891066845e-34,
            5.60519385729927e-45
        ],
        "Type": 0
    },
    "4.Material": {
        "Ambient": [
            1.0,
            1.0,
            1.0,
            1.0
        ],
        "Diffuse": [
            1.0,
            1.0,
            1.0,
            1.0
        ],
        "Emissive": [
            1.0,
            1.0,
            1.0,
            1.0
        ],
        "Shininess": 1.0,
        "Specular": [
            1.0,
            1.0,
            1.0,
            1.0
        ]
    },
    "5.StaticMesh": {
        "FileName": "Crate_C.X"
    },
    "IsActive": true,
    "IsEditorLock": false,
    "IsStatic": false,
    "PipeLine": 1,
    "Priority": 1,
    "Tag": ""
}
