{
    "0.Transform3D": {
        "Position": [
            76.0,
            3.0,
            36.0
        ],
        "Rotation": [
            0.0,
            0.0,
            0.0
        ],
        "Scale": [
            1.29999995231628,
            1.29999995231628,
            1.29999995231628
        ]
    },
    "2.Collision": {
        "HalfExtens": [
            37.5908470153809,
            3.89000010490417,
            37.6235275268555
        ],
        "Pivot": [
            -1.52587890625e-05,
            -2.23517417907715e-08,
            -1.71661376953125e-05
        ],
        "Type": 0
    },
    "3.RigidBody": {
        "Bounciness": 0.400000005960464,
        "EnableGravity": false,
        "FricitionCoefficient": 0.200000002980232,
        "IsAllowedToSleep": true,
        "LockRotation": [
            false,
            false,
            false
        ],
        "Mass": 1.0,
        "Pivot": [
            5.18050636257156e-23,
            0.0,
            1.33246444988799e-08
        ],
        "Type": 0
    },
    "4.Material": {
        "Ambient": [
            1.0,
            1.0,
            1.0,
            1.0
        ],
        "Diffuse": [
            1.0,
            1.0,
            1.0,
            1.0
        ],
        "Emissive": [
            1.0,
            1.0,
            1.0,
            1.0
        ],
        "Shininess": 1.0,
        "Specular": [
            1.0,
            1.0,
            1.0,
            1.0
        ]
    },
    "5.StaticMesh": {
        "FileName": "MetalFloor.X"
    },
    "IsActive": true,
    "IsEditorLock": false,
    "IsStatic": false,
    "PipeLine": 1,
    "Priority": 1,
    "Tag": ""
}
