{
    "1.Transform3D": {
        "Position": [
            -155.0,
            6.0,
            -60.0
        ],
        "Rotation": [
            0.0,
            3.14000010490417,
            0.0
        ],
        "Scale": [
            1.29999995231628,
            1.29999995231628,
            1.29999995231628
        ]
    },
    "5.Material": {
        "Ambient": [
            1.0,
            1.0,
            1.0,
            1.0
        ],
        "Diffuse": [
            1.0,
            1.0,
            1.0,
            1.0
        ],
        "Emissive": [
            1.0,
            1.0,
            1.0,
            1.0
        ],
        "Shininess": 1.0,
        "Specular": [
            1.0,
            1.0,
            1.0,
            1.0
        ]
    },
    "7.SkinnedMesh": {
        "FileName": "Skeleton.X"
    },
    "IsActive": true,
    "IsEditorLock": false,
    "IsStatic": false,
    "Priority": 1,
    "Tag": ""
}
