{
    "0.Transform3D": {
        "Position": [
            104.000007629395,
            5.0,
            24.0000019073486
        ],
        "Rotation": [
            -8.94074574375736e-08,
            -2.0,
            -7.10542820463395e-15
        ],
        "Scale": [
            1.0,
            1.0,
            1.0
        ]
    },
    "4.Material": {
        "Ambient": [
            1.0,
            1.0,
            1.0,
            1.0
        ],
        "Diffuse": [
            1.0,
            1.0,
            1.0,
            1.0
        ],
        "Emissive": [
            1.0,
            1.0,
            1.0,
            1.0
        ],
        "Shininess": 1.0,
        "Specular": [
            1.0,
            1.0,
            1.0,
            1.0
        ]
    },
    "5.StaticMesh": {
        "FileName": "Door_B.X"
    },
    "IsActive": true,
    "IsEditorLock": false,
    "IsStatic": false,
    "PipeLine": 1,
    "Priority": 1,
    "Tag": ""
}
