{
    "Collision": {
        "HalfExtens": [
            38.1062202453613,
            3.89025378227234,
            38.4791450500488
        ],
        "Type": 0
    },
    "IsActive": true,
    "IsStatic": false,
    "Priority": 1,
    "RigidBody": {
        "Bounciness": 0.400000005960464,
        "EnableGravity": false,
        "FricitionCoefficient": 0.200000002980232,
        "IsAllowedToSleep": false,
        "Mass": 1.0,
        "Type": 0
    },
    "StaticMesh": {
        "FileName": "Floor.X"
    },
    "Tag": "",
    "Transform3D": {
        "ForwardVector": [
            0.0,
            0.0,
            -0.999999940395355
        ],
        "Position": [
            0.0,
            0.0,
            0.0
        ],
        "Rotation": [
            0.0,
            0.0,
            0.0
        ],
        "Scale": [
            1.0,
            1.0,
            1.0
        ]
    }
}
