{
    "1.Transform3D": {
        "Position": [
            0.0,
            7.82800674438477,
            0.0
        ],
        "Rotation": [
            0.0,
            0.0,
            0.0
        ],
        "Scale": [
            2.0,
            1.0,
            2.0
        ]
    },
    "3.Collision": {
        "HalfExtens": [
            76.1062164306641,
            3.89025378227234,
            76.4791412353516
        ],
        "Type": 0
    },
    "4.RigidBody": {
        "Bounciness": 0.400000005960464,
        "EnableGravity": false,
        "FricitionCoefficient": 0.200000002980232,
        "IsAllowedToSleep": false,
        "Mass": 1.0,
        "Type": 0
    },
    "5.Material": {
        "Ambient": [
            1.0,
            1.0,
            1.0,
            1.0
        ],
        "Diffuse": [
            1.0,
            1.0,
            1.0,
            1.0
        ],
        "Emissive": [
            1.0,
            1.0,
            1.0,
            1.0
        ],
        "Shininess": 1.0,
        "Specular": [
            1.0,
            1.0,
            1.0,
            1.0
        ]
    },
    "6.StaticMesh": {
        "FileName": "Floor.X"
    },
    "IsActive": true,
    "IsEditorLock": true,
    "IsStatic": false,
    "Priority": 1,
    "Tag": ""
}
