{
    "0.Transform3D": {
        "Position": [
            117.0,
            1.0,
            -42.0000038146973
        ],
        "Rotation": [
            0.0,
            0.0,
            0.0
        ],
        "Scale": [
            1.0,
            1.0,
            1.0
        ]
    },
    "2.Collision": {
        "HalfExtens": [
            4.02972269058228,
            38.1526374816895,
            38.4979705810547
        ],
        "Pivot": [
            -0.352583289146423,
            38.1053199768066,
            -0.373035430908203
        ],
        "Type": 0
    },
    "3.RigidBody": {
        "Bounciness": 0.400000005960464,
        "EnableGravity": false,
        "FricitionCoefficient": 0.200000002980232,
        "IsAllowedToSleep": true,
        "LockRotation": [
            false,
            false,
            false
        ],
        "Mass": 1.0,
        "Pivot": [
            7.29541181479082e-34,
            0.0,
            1.6910551528334e-34
        ],
        "Type": 0
    },
    "4.Material": {
        "Ambient": [
            1.0,
            1.0,
            1.0,
            1.0
        ],
        "Diffuse": [
            1.0,
            1.0,
            1.0,
            1.0
        ],
        "Emissive": [
            1.0,
            1.0,
            1.0,
            1.0
        ],
        "Shininess": 1.0,
        "Specular": [
            1.0,
            1.0,
            1.0,
            1.0
        ]
    },
    "5.StaticMesh": {
        "FileName": "Wall4.X"
    },
    "IsActive": true,
    "IsEditorLock": false,
    "IsStatic": false,
    "PipeLine": 1,
    "Priority": 1,
    "Tag": ""
}
