{
    "0.Transform3D": {
        "Position": [
            63.0000038146973,
            1.0,
            0.0
        ],
        "Rotation": [
            0.0,
            1.57000005245209,
            0.0
        ],
        "Scale": [
            1.0,
            1.0,
            1.29999995231628
        ]
    },
    "2.Collision": {
        "HalfExtens": [
            4.67711400985718,
            38.1160621643066,
            50.0473785400391
        ],
        "Pivot": [
            -0.854366779327393,
            38.116039276123,
            7.62939453125e-06
        ],
        "Type": 0
    },
    "3.RigidBody": {
        "Bounciness": 0.400000005960464,
        "EnableGravity": false,
        "FricitionCoefficient": 0.200000002980232,
        "IsAllowedToSleep": true,
        "LockRotation": [
            false,
            false,
            false
        ],
        "Mass": 1.0,
        "Pivot": [
            5.3761050463865e-34,
            0.0,
            1.6910551528334e-34
        ],
        "Type": 0
    },
    "4.Material": {
        "Ambient": [
            1.0,
            1.0,
            1.0,
            1.0
        ],
        "Diffuse": [
            1.0,
            1.0,
            1.0,
            1.0
        ],
        "Emissive": [
            1.0,
            1.0,
            1.0,
            1.0
        ],
        "Shininess": 1.0,
        "Specular": [
            1.0,
            1.0,
            1.0,
            1.0
        ]
    },
    "5.StaticMesh": {
        "FileName": "Wall2.X"
    },
    "IsActive": true,
    "IsEditorLock": false,
    "IsStatic": false,
    "PipeLine": 1,
    "Priority": 1,
    "Tag": ""
}
