{
    "0.Transform3D": {
        "Position": [
            116.000007629395,
            1.0,
            35.0
        ],
        "Rotation": [
            0.0,
            0.0,
            0.0
        ],
        "Scale": [
            1.0,
            1.0,
            1.0
        ]
    },
    "2.Collision": {
        "HalfExtens": [
            4.6424036026001,
            38.1526374816895,
            38.4979705810547
        ],
        "Pivot": [
            1.90748035907745,
            38.1053199768066,
            -0.373043060302734
        ],
        "Type": 0
    },
    "3.RigidBody": {
        "Bounciness": 0.400000005960464,
        "EnableGravity": false,
        "FricitionCoefficient": 0.200000002980232,
        "IsAllowedToSleep": true,
        "LockRotation": [
            false,
            false,
            false
        ],
        "Mass": 1.0,
        "Pivot": [
            7.29546691608852e-34,
            0.0,
            1.6910551528334e-34
        ],
        "Type": 0
    },
    "4.Material": {
        "Ambient": [
            1.0,
            1.0,
            1.0,
            1.0
        ],
        "Diffuse": [
            1.0,
            1.0,
            1.0,
            1.0
        ],
        "Emissive": [
            1.0,
            1.0,
            1.0,
            1.0
        ],
        "Shininess": 1.0,
        "Specular": [
            1.0,
            1.0,
            1.0,
            1.0
        ]
    },
    "5.StaticMesh": {
        "FileName": "Wall5.X"
    },
    "IsActive": true,
    "IsEditorLock": false,
    "IsStatic": false,
    "PipeLine": 1,
    "Priority": 1,
    "Tag": ""
}
