{
    "1.Transform3D": {
        "Position": [
            151.0,
            23.0000019073486,
            247.000015258789
        ],
        "Rotation": [
            0.0,
            0.0,
            0.0
        ],
        "Scale": [
            1.0,
            1.0,
            1.0
        ]
    },
    "3.Collision": {
        "HalfExtens": [
            9.27442932128906,
            32.1231307983398,
            9.37680816650391
        ],
        "Pivot": [
            0.0326809883117676,
            32.0344161987305,
            -0.0254883766174316
        ],
        "Type": 0
    },
    "4.RigidBody": {
        "Bounciness": 0.400000005960464,
        "EnableGravity": false,
        "FricitionCoefficient": 0.200000002980232,
        "IsAllowedToSleep": false,
        "LockRotation": [
            false,
            false,
            false
        ],
        "Mass": 1.0,
        "Pivot": [
            2.1806434071631e-33,
            0.0,
            0.0
        ],
        "Type": 0
    },
    "5.Material": {
        "Ambient": [
            1.0,
            1.0,
            1.0,
            1.0
        ],
        "Diffuse": [
            1.0,
            1.0,
            1.0,
            1.0
        ],
        "Emissive": [
            1.0,
            1.0,
            1.0,
            1.0
        ],
        "Shininess": 1.0,
        "Specular": [
            1.0,
            1.0,
            1.0,
            1.0
        ]
    },
    "6.StaticMesh": {
        "FileName": "Hanging_Cage.X"
    },
    "IsActive": true,
    "IsEditorLock": false,
    "IsStatic": false,
    "Priority": 1,
    "Tag": ""
}
