{
    "0.Transform3D": {
        "Position": [
            226.000015258789,
            14.0000009536743,
            233.000015258789
        ],
        "Rotation": [
            0.0,
            0.0,
            0.0
        ],
        "Scale": [
            1.29999995231628,
            1.29999995231628,
            1.29999995231628
        ]
    },
    "2.Collision": {
        "Height": 10.0,
        "Pivot": [
            0.0,
            0.0,
            0.0
        ],
        "Radius": 3.00000023841858,
        "Type": 3
    },
    "3.RigidBody": {
        "Bounciness": 0.400000005960464,
        "EnableGravity": true,
        "FricitionCoefficient": 0.200000002980232,
        "IsAllowedToSleep": true,
        "LockRotation": [
            true,
            false,
            true
        ],
        "Mass": 1.0,
        "Pivot": [
            1.37872483445198e-33,
            0.0,
            0.0
        ],
        "Type": 2
    },
    "4.Material": {
        "Ambient": [
            1.0,
            1.0,
            1.0,
            1.0
        ],
        "Diffuse": [
            1.0,
            1.0,
            1.0,
            1.0
        ],
        "Emissive": [
            1.0,
            1.0,
            1.0,
            1.0
        ],
        "Shininess": 1.0,
        "Specular": [
            1.0,
            1.0,
            1.0,
            1.0
        ]
    },
    "6.SkinnedMesh": {
        "FileName": "Skeleton.X"
    },
    "7.Script": [
        "Monster"
    ],
    "IsActive": true,
    "IsEditorLock": false,
    "IsStatic": false,
    "PipeLine": 1,
    "Priority": 1,
    "Tag": "Monster"
}
