{
    "1.Transform3D": {
        "Position": [
            -4.37529373168945,
            120.0,
            0.0
        ],
        "Rotation": [
            0.0,
            0.0,
            0.0
        ],
        "Scale": [
            1.0,
            1.0,
            1.0
        ]
    },
    "3.Collision": {
        "HalfExtens": [
            6.09670686721802,
            3.49602556228638,
            7.91529083251953
        ],
        "Type": 0
    },
    "4.RigidBody": {
        "Bounciness": 0.400000005960464,
        "EnableGravity": true,
        "FricitionCoefficient": 0.200000002980232,
        "IsAllowedToSleep": false,
        "Mass": 1.0,
        "Type": 2
    },
    "5.Material": {
        "Ambient": [
            1.0,
            1.0,
            1.0,
            1.0
        ],
        "Diffuse": [
            1.0,
            1.0,
            1.0,
            1.0
        ],
        "Emissive": [
            1.0,
            1.0,
            1.0,
            1.0
        ],
        "Shininess": 1.0,
        "Specular": [
            1.0,
            1.0,
            1.0,
            1.0
        ]
    },
    "6.StaticMesh": {
        "FileName": "Crate_A.X"
    },
    "IsActive": true,
    "IsEditorLock": false,
    "IsStatic": false,
    "Priority": 1,
    "Tag": ""
}
