{
    "0.Transform3D": {
        "Position": [
            -151.055038452148,
            8.74075698852539,
            69.9358978271484
        ],
        "Rotation": [
            0.00113878271076828,
            -2.75508250524581e-06,
            -0.000388967775506899
        ],
        "Scale": [
            1.29999995231628,
            1.29999995231628,
            1.29999995231628
        ]
    },
    "2.Collision": {
        "HalfExtens": [
            5.0,
            10.0,
            5.0
        ],
        "Pivot": [
            0.0,
            0.0,
            0.0
        ],
        "Type": 0
    },
    "3.RigidBody": {
        "Bounciness": 0.0,
        "EnableGravity": true,
        "FricitionCoefficient": 0.0,
        "IsAllowedToSleep": true,
        "LockRotation": [
            true,
            false,
            true
        ],
        "Mass": 1.0,
        "Pivot": [
            1.32168250171039e-33,
            10.0,
            7.00649232162409e-45
        ],
        "Type": 2
    },
    "4.Material": {
        "Ambient": [
            1.0,
            1.0,
            1.0,
            1.0
        ],
        "Diffuse": [
            1.0,
            1.0,
            1.0,
            1.0
        ],
        "Emissive": [
            1.0,
            1.0,
            1.0,
            1.0
        ],
        "Shininess": 1.0,
        "Specular": [
            1.0,
            1.0,
            1.0,
            1.0
        ]
    },
    "6.SkinnedMesh": {
        "FileName": "Skeleton.X"
    },
    "7.Script": [
        "PlayerCharacter"
    ],
    "IsActive": true,
    "IsEditorLock": false,
    "IsStatic": false,
    "PipeLine": 1,
    "Priority": 1,
    "Tag": "Player"
}
