{
    "0.Transform3D": {
        "Position": [
            -151.055038452148,
            6.0,
            69.9358978271484
        ],
        "Rotation": [
            -8.61347234604182e-06,
            -2.1779420421808e-05,
            5.64958827453665e-06
        ],
        "Scale": [
            1.29999995231628,
            1.29999995231628,
            1.29999995231628
        ]
    },
    "2.Collision": {
        "Height": 10.0,
        "Pivot": [
            0.0,
            0.0,
            0.0
        ],
        "Radius": 5.0,
        "Type": 3
    },
    "3.RigidBody": {
        "Bounciness": 0.0,
        "EnableGravity": true,
        "FricitionCoefficient": 0.0,
        "IsAllowedToSleep": true,
        "LockRotation": [
            true,
            false,
            true
        ],
        "Mass": 1.0,
        "Pivot": [
            2.82028243630818e-37,
            0.0,
            0.0
        ],
        "Type": 2
    },
    "4.Material": {
        "Ambient": [
            1.0,
            1.0,
            1.0,
            1.0
        ],
        "Diffuse": [
            1.0,
            1.0,
            1.0,
            1.0
        ],
        "Emissive": [
            1.0,
            1.0,
            1.0,
            1.0
        ],
        "Shininess": 1.0,
        "Specular": [
            1.0,
            1.0,
            1.0,
            1.0
        ]
    },
    "6.SkinnedMesh": {
        "FileName": "Skeleton.X"
    },
    "7.Script": [
        "PlayerCharacter"
    ],
    "IsActive": true,
    "IsEditorLock": false,
    "IsStatic": false,
    "PipeLine": 1,
    "Priority": 1,
    "Tag": "Player"
}
