{
    "0.Transform3D": {
        "Position": [
            190.000015258789,
            5.0,
            192.000015258789
        ],
        "Rotation": [
            0.0,
            0.0,
            0.0
        ],
        "Scale": [
            2.0,
            1.0,
            2.0
        ]
    },
    "2.Collision": {
        "HalfExtens": [
            76.2124633789063,
            3.89025378227234,
            76.9582901000977
        ],
        "Pivot": [
            -2.288818359375e-05,
            -3.89025187492371,
            9.918212890625e-05
        ],
        "Type": 0
    },
    "3.RigidBody": {
        "Bounciness": 0.400000005960464,
        "EnableGravity": false,
        "FricitionCoefficient": 0.200000002980232,
        "IsAllowedToSleep": true,
        "LockRotation": [
            false,
            false,
            false
        ],
        "Mass": 1.0,
        "Pivot": [
            3.12201764471025e-37,
            0.0,
            5.38611878888757e-34
        ],
        "Type": 0
    },
    "4.Material": {
        "Ambient": [
            1.0,
            1.0,
            1.0,
            1.0
        ],
        "Diffuse": [
            1.0,
            1.0,
            1.0,
            1.0
        ],
        "Emissive": [
            1.0,
            1.0,
            1.0,
            1.0
        ],
        "Shininess": 1.0,
        "Specular": [
            1.0,
            1.0,
            1.0,
            1.0
        ]
    },
    "5.StaticMesh": {
        "FileName": "Floor2.X"
    },
    "IsActive": true,
    "IsEditorLock": false,
    "IsStatic": false,
    "PipeLine": 1,
    "Priority": 1,
    "Tag": ""
}
