{
    "1.Transform3D": {
        "Position": [
            195.000015258789,
            5.0,
            1.0
        ],
        "Rotation": [
            0.0,
            3.14000010490417,
            0.0
        ],
        "Scale": [
            1.0,
            1.0,
            1.0
        ]
    },
    "3.Collision": {
        "HalfExtens": [
            4.02972269058228,
            38.1526374816895,
            38.4979705810547
        ],
        "Pivot": [
            -0.352583289146423,
            38.1053199768066,
            -0.373035430908203
        ],
        "Type": 0
    },
    "4.RigidBody": {
        "Bounciness": 0.400000005960464,
        "EnableGravity": false,
        "FricitionCoefficient": 0.200000002980232,
        "IsAllowedToSleep": false,
        "LockRotation": [
            false,
            false,
            false
        ],
        "Mass": 1.0,
        "Pivot": [
            7.9252024282868e-37,
            0.0,
            7.46614691651517e-37
        ],
        "Type": 0
    },
    "5.Material": {
        "Ambient": [
            1.0,
            1.0,
            1.0,
            1.0
        ],
        "Diffuse": [
            1.0,
            1.0,
            1.0,
            1.0
        ],
        "Emissive": [
            1.0,
            1.0,
            1.0,
            1.0
        ],
        "Shininess": 1.0,
        "Specular": [
            1.0,
            1.0,
            1.0,
            1.0
        ]
    },
    "6.StaticMesh": {
        "FileName": "Wall4.X"
    },
    "IsActive": true,
    "IsEditorLock": false,
    "IsStatic": false,
    "Priority": 1,
    "Tag": ""
}
