{
    "0.Transform3D": {
        "Position": [
            163.000015258789,
            16.0,
            134.0
        ],
        "Rotation": [
            2.23517417907715e-08,
            1.5,
            0.200000107288361
        ],
        "Scale": [
            0.800000011920929,
            0.800000011920929,
            0.800000011920929
        ]
    },
    "4.Material": {
        "Ambient": [
            1.0,
            1.0,
            1.0,
            1.0
        ],
        "Diffuse": [
            1.0,
            1.0,
            1.0,
            1.0
        ],
        "Emissive": [
            1.0,
            1.0,
            1.0,
            1.0
        ],
        "Shininess": 1.0,
        "Specular": [
            1.0,
            1.0,
            1.0,
            1.0
        ]
    },
    "5.StaticMesh": {
        "FileName": "Shield.X"
    },
    "IsActive": true,
    "IsEditorLock": false,
    "IsStatic": false,
    "PipeLine": 1,
    "Priority": 1,
    "Tag": ""
}
