{
    "0.Transform3D": {
        "Position": [
            127.0,
            0.0,
            -73.0
        ],
        "Rotation": [
            0.0,
            0.0,
            0.0
        ],
        "Scale": [
            1.0,
            1.0,
            1.0
        ]
    },
    "2.Collision": {
        "HalfExtens": [
            4.67711400985718,
            38.1160621643066,
            38.4979858398438
        ],
        "Pivot": [
            -0.854366779327393,
            38.116039276123,
            5.7220458984375e-06
        ],
        "Type": 0
    },
    "3.RigidBody": {
        "Bounciness": 0.400000005960464,
        "EnableGravity": false,
        "FricitionCoefficient": 0.200000002980232,
        "IsAllowedToSleep": true,
        "LockRotation": [
            false,
            false,
            false
        ],
        "Mass": 1.0,
        "Pivot": [
            7.01546783514249e-34,
            0.0,
            2.18614031262113e-34
        ],
        "Type": 0
    },
    "4.Material": {
        "Ambient": [
            1.0,
            1.0,
            1.0,
            1.0
        ],
        "Diffuse": [
            1.0,
            1.0,
            1.0,
            1.0
        ],
        "Emissive": [
            1.0,
            1.0,
            1.0,
            1.0
        ],
        "Shininess": 1.0,
        "Specular": [
            1.0,
            1.0,
            1.0,
            1.0
        ]
    },
    "5.StaticMesh": {
        "FileName": "Wall2.X"
    },
    "IsActive": true,
    "IsEditorLock": false,
    "IsStatic": false,
    "PipeLine": 1,
    "Priority": 1,
    "Tag": ""
}
