{
    "1.Transform3D": {
        "Position": [
            -6.62363815307617,
            0.0,
            -9.13996601104736
        ],
        "Rotation": [
            0.0,
            1.57000005245209,
            0.0
        ],
        "Scale": [
            1.0,
            1.0,
            1.0
        ]
    },
    "3.Collision": {
        "HalfExtens": [
            3.89025211334229,
            38.1062202453613,
            38.4791488647461
        ],
        "Pivot": [
            -3.75509262084961e-05,
            38.1062202453613,
            1.71661376953125e-05
        ],
        "Type": 0
    },
    "4.RigidBody": {
        "Bounciness": 0.400000005960464,
        "EnableGravity": false,
        "FricitionCoefficient": 0.200000002980232,
        "IsAllowedToSleep": false,
        "LockRotation": [
            false,
            false,
            false
        ],
        "Mass": 1.0,
        "Pivot": [
            -3.75509262084961e-05,
            38.1062202453613,
            1.71661376953125e-05
        ],
        "Type": 0
    },
    "5.Material": {
        "Ambient": [
            1.0,
            1.0,
            1.0,
            1.0
        ],
        "Diffuse": [
            1.0,
            1.0,
            1.0,
            1.0
        ],
        "Emissive": [
            1.0,
            1.0,
            1.0,
            1.0
        ],
        "Shininess": 1.0,
        "Specular": [
            1.0,
            1.0,
            1.0,
            1.0
        ]
    },
    "6.StaticMesh": {
        "FileName": "Wall.X"
    },
    "IsActive": true,
    "IsEditorLock": false,
    "IsStatic": false,
    "Priority": 1,
    "Tag": ""
}
